work_year,experience_level,employment_type,job_title,salary,salary_currency,salary_in_usd,employee_residence,remote_ratio,company_location,company_size,job_category,company_location_tech_hub,model_predictions_log,model_predictions,prediction_error,abs_error
2021,Senior-level,Full-time,lead data engineer,276000,USD,276000,US,On-site,US,Large (250+),Data Engineering / Architecture,1,11.667529225952821,116718.53811141216,159281.46188858786,159281.46188858786
2021,Senior-level,Full-time,machine learning scientist,225000,USD,225000,US,Fully remote,CA,Large (250+),Machine Learning / AI,0,11.19253795568835,72585.77020952757,152414.22979047243,152414.22979047243
2021,Executive,Full-time,director of data science,250000,USD,250000,US,On-site,US,Large (250+),Leadership / Management,1,11.53138724983445,101862.32572175289,148137.6742782471,148137.6742782471
2021,Mid-level,Contract,ml engineer,270000,USD,270000,US,Fully remote,US,Large (250+),Machine Learning / AI,1,11.771219387417183,129470.93097717015,140529.06902282985,140529.06902282985
2021,Mid-level,Full-time,research scientist,235000,CAD,187442,CA,Fully remote,CA,Large (250+),Data Science,0,10.817309117745538,49875.693960990786,137566.3060390092,137566.3060390092
2021,Entry-level/Junior,Full-time,machine learning scientist,225000,USD,225000,US,Fully remote,US,Large (250+),Machine Learning / AI,1,11.461188774917293,94956.88674889487,130043.11325110513,130043.11325110513
2022,Senior-level,Full-time,data engineer,25000,USD,25000,US,Fully remote,US,Medium (50-249),Data Engineering / Architecture,1,11.940167223123623,153301.32377944014,-128301.32377944014,128301.32377944014
2021,Senior-level,Full-time,ai scientist,55000,USD,55000,ES,Fully remote,ES,Large (250+),Machine Learning / AI,1,12.109209546111519,181535.0519166212,-126535.05191662119,126535.05191662119
2022,Mid-level,Full-time,data scientist,140000,GBP,183228,GB,On-site,GB,Medium (50-249),Data Science,0,10.999535128952198,59845.314428753474,123382.68557124652,123382.68557124652
2022,Mid-level,Full-time,data engineer,206699,USD,206699,US,On-site,US,Medium (50-249),Data Engineering / Architecture,1,11.36361351935754,86129.03941088519,120569.96058911481,120569.96058911481
2022,Senior-level,Full-time,machine learning engineer,57000,EUR,62651,NL,Fully remote,NL,Large (250+),Machine Learning / AI,1,12.109209546111519,181535.0519166212,-118884.05191662119,118884.05191662119
2021,Senior-level,Full-time,machine learning engineer,185000,USD,185000,US,Hybrid,US,Large (250+),Machine Learning / AI,1,11.137137909168962,68673.82132199426,116326.17867800574,116326.17867800574
2022,Senior-level,Full-time,data architect,266400,USD,266400,US,Fully remote,US,Medium (50-249),Data Engineering / Architecture,1,11.940167223123623,153301.32377944014,113098.67622055986,113098.67622055986
2022,Senior-level,Full-time,machine learning engineer,220000,USD,220000,US,Fully remote,US,Medium (50-249),Machine Learning / AI,1,11.61665047674525,110928.53698053784,109071.46301946216,109071.46301946216
2022,Senior-level,Full-time,data scientist,260000,USD,260000,US,Fully remote,US,Medium (50-249),Data Science,1,11.927217025437415,151328.82805234502,108671.17194765498,108671.17194765498
2021,Mid-level,Full-time,data engineer,200000,USD,200000,US,Fully remote,US,Large (250+),Data Engineering / Architecture,1,11.433097043034724,92326.47464912564,107673.52535087436,107673.52535087436
2022,Mid-level,Full-time,machine learning scientist,153000,USD,153000,US,Hybrid,US,Medium (50-249),Machine Learning / AI,1,10.735953226416578,45978.605865699916,107021.39413430009,107021.39413430009
2022,Senior-level,Full-time,machine learning engineer,214000,USD,214000,US,Fully remote,US,Medium (50-249),Machine Learning / AI,1,11.61665047674525,110928.53698053784,103071.46301946216,103071.46301946216
2021,Executive,Full-time,head of data,230000,USD,230000,RU,Hybrid,RU,Large (250+),Leadership / Management,0,11.753579042916426,127207.02823053591,102792.97176946409,102792.97176946409
2022,Senior-level,Full-time,lead machine learning engineer,80000,EUR,87932,DE,On-site,DE,Medium (50-249),Machine Learning / AI,1,12.135484560468058,186368.13084565476,-98436.13084565476,98436.13084565476
