work_year,experience_level,employment_type,job_title,salary,salary_currency,salary_in_usd,employee_residence,remote_ratio,company_location,company_size,job_category,company_location_tech_hub,model_predictions_log,model_predictions,prediction_error,abs_error
2022,Entry-level/Junior,Full-time,data analytics engineer,20000,USD,20000,PK,On-site,PK,Medium (50-249),Data Analytics / Business Intelligence,0,9.906794256513022,20065.243543071032,-65.24354307103204,65.24354307103204
2021,Entry-level/Junior,Full-time,data scientist,2100000,INR,28399,IN,Fully remote,IN,Medium (50-249),Data Science,0,10.258302652196335,28517.339547432464,-118.33954743246431,118.33954743246431
2021,Mid-level,Full-time,data scientist,50000,USD,50000,NG,Fully remote,NG,Large (250+),Data Science,0,10.817309117745538,49875.693960990786,124.30603900921415,124.30603900921415
2021,Entry-level/Junior,Full-time,data engineer,2250000,INR,30428,IN,Fully remote,IN,Large (250+),Data Engineering / Architecture,0,10.328804549442086,30600.507439078447,-172.50743907844662,172.50743907844662
2022,Mid-level,Full-time,data analyst,40000,GBP,52351,GB,Fully remote,GB,Medium (50-249),Data Analytics / Business Intelligence,0,10.870370899282848,52593.71399492542,-242.71399492541968,242.71399492541968
2021,Mid-level,Full-time,data scientist,40900,GBP,56256,GB,Hybrid,GB,Large (250+),Data Science,0,10.932450369744572,55962.242470345074,293.75752965492575,293.75752965492575
2022,Entry-level/Junior,Full-time,ml engineer,20000,EUR,21983,PT,Fully remote,PT,Large (250+),Machine Learning / AI,0,10.014411291138204,22345.19392012038,-362.1939201203786,362.1939201203786
2022,Entry-level/Junior,Full-time,research scientist,120000,USD,120000,US,Fully remote,US,Large (250+),Data Science,1,11.690775487836701,119463.61381950714,536.3861804928601,536.3861804928601
2022,Senior-level,Full-time,data analyst,112900,USD,112900,US,Fully remote,US,Medium (50-249),Data Analytics / Business Intelligence,1,11.639198103780261,113458.14597841447,-558.1459784144681,558.1459784144681
2022,Senior-level,Full-time,data engineer,154000,USD,154000,US,Fully remote,US,Medium (50-249),Data Engineering / Architecture,1,11.940167223123623,153301.32377944014,698.6762205598643,698.6762205598643
2022,Mid-level,Full-time,data engineer,45000,GBP,58894,GB,Fully remote,GB,Medium (50-249),Data Engineering / Architecture,0,10.969255711855997,58060.36293254131,833.6370674586869,833.6370674586869
2021,Mid-level,Full-time,data analyst,93000,USD,93000,US,Fully remote,US,Large (250+),Data Analytics / Business Intelligence,1,11.449514539151703,93854.7716837812,-854.771683781204,854.771683781204
2022,Senior-level,Full-time,data science manager,161342,USD,161342,US,Fully remote,US,Medium (50-249),Leadership / Management,1,11.984053228679088,160178.9626462549,1163.0373537451087,1163.0373537451087
2021,Senior-level,Full-time,data analyst,54000,EUR,63831,DE,Hybrid,DE,Large (250+),Data Analytics / Business Intelligence,1,11.043945844322337,62563.033317103494,1267.9666828965055,1267.9666828965055
2022,Senior-level,Full-time,data scientist,150000,USD,150000,US,Fully remote,US,Medium (50-249),Data Science,1,11.927217025437415,151328.82805234502,-1328.828052345023,1328.828052345023
2021,Mid-level,Full-time,data scientist,52000,EUR,61467,DE,Hybrid,AT,Medium (50-249),Data Science,0,11.047748825994477,62801.416184677415,-1334.416184677415,1334.416184677415
2022,Senior-level,Full-time,machine learning engineer,65000,EUR,71444,IE,Fully remote,IE,Small (<50),Machine Learning / AI,0,11.156401531489875,70009.57153027225,1434.4284697277471,1434.4284697277471
2021,Mid-level,Full-time,data scientist,700000,INR,9466,IN,On-site,IN,Small (<50),Data Science,0,9.29767918960204,10911.663573644695,-1445.6635736446951,1445.6635736446951
2022,Senior-level,Full-time,data scientist,180000,USD,180000,US,On-site,US,Medium (50-249),Data Science,1,12.091475709694134,178344.09881442587,1655.9011855741264,1655.9011855741264
2022,Senior-level,Full-time,data engineer,155000,USD,155000,US,Fully remote,US,Medium (50-249),Data Engineering / Architecture,1,11.940167223123623,153301.32377944014,1698.6762205598643,1698.6762205598643
